,,,,,,,,,With High Seas,,,,Without High Seas,,,,
,,,,,,,,,Outbound_Inbound,,Outbound_inbound,,Outbound_Inbound,,Outbound_inbound,,Clear
,ISO3,,CSCC-DJO,,,CSCC-Tol,,,Transfer_T_wealth_DJO,,Transfer_T_wealth_Tol,,Transfer_T_wealth_DJO,,Transfer_T_wealth_Tol,,
,,,USD(2020)/tCO2,,,USD(2020)/tCO2,,,b USD(2020) (10^9),,b USD(2020) (10^9),,b USD(2020) (10^9),,b USD(2020) (10^9),,123
,,,Mean,Std,Var,Mean,Std,Var,Mean,Std,Mean,Std,Mean,Std,Mean,Std,
0,,HighSeas,0,0,0,0,0,0,1367.845141,220.9571975,175.5314596,33.41115873,,,,,
1,USA,United States,88.96720661,13.2585937,175.7903068,0.190696469,0.096499756,0.009312203,-815.2089596,184.4311859,9.925476035,1.951273292,-279.7718714,71.6919389,11.70476114,1.725205639,0
2,EU29,European Union29,45.56437317,1.700591046,2.892009906,0.362439296,0.050418997,0.002542075,-342.7486665,69.54855787,12.28472597,2.244272661,-68.52565531,28.10624844,14.4660178,2.142522256,0
3,CHN,China,12.12300335,4.039099099,16.31432153,3.729835787,1.597700251,2.552646092,-116.0040251,44.96815033,-37.19125366,17.22377327,-43.04337072,18.53060514,-14.74374195,7.085297783,1
4,AUS,Australia,4.692270305,0.646904121,0.418484942,0.014985436,0.007356483,5.41E-05,9.630737548,12.09440952,7.259670608,1.236917705,37.87053112,8.44189376,7.349858423,1.234909989,1
5,IDN,Indonesia,0.461671778,0.200035082,0.040014034,1.037242901,0.444074415,0.197202086,33.94895695,6.592177225,-5.676908841,4.820281545,36.72746604,6.297912942,0.56559713,2.120325101,1
6,NZL,New Zealand,0.383081977,0.043720585,0.00191149,0.003261245,0.001544575,2.39E-06,24.50264761,4.388007408,3.615233239,0.666787499,26.80817463,4.33906486,3.634860598,0.666619752,1
7,KIR,Kiribati,0,0,0,0.000521696,0.000223655,5.00E-08,22.10272633,2.53964134,2.831024318,0.433317631,22.10272633,2.53964134,2.834164074,0.433312099,1
8,JPN,Japan,10.92015107,1.024801295,1.050217695,0.082842286,0.040992817,0.001680411,-85.42972049,19.51353729,2.563896842,0.774657581,-19.70826971,8.765626495,3.062471926,0.66596966,0
9,CHL,Chile,0.453801936,0.171641501,0.029460805,0.02337769,0.009744356,9.50E-05,16.02002618,3.333731281,2.41341038,0.456212526,18.7511717,2.864686805,2.554105842,0.446059792,1
10,RUS,Russia,4.129600758,1.617002653,2.614697581,0.220945518,0.132199746,0.017476773,-34.06620019,21.68830915,1.968444131,1.907970474,15.64068596,11.23558579,4.627905501,1.345384262,1
11,PNG,Papua New Guinea,0.032230024,0.017085895,0.000291928,0.042623319,0.01819535,0.000331071,15.11153242,2.500719911,1.544368297,0.424648752,15.30550446,2.495296816,1.80089097,0.385302458,1
12,MHL,Marshall Islands,0,0,0,0.000156977,6.68E-05,4.46E-09,12.85973519,2.077319254,1.648640747,0.314113393,12.85973519,2.077319254,1.64958549,0.314112707,1
13,GBR,United Kingdom,9.318127287,1.100113554,1.210249831,0.039352918,0.019619555,0.000384927,-43.60635419,18.0439228,6.304916075,0.873986769,12.68550061,8.090697586,6.547309433,0.853464577,1
14,COK,Cook Islands,0,0,0,0,0,0,12.65484199,2.044221482,1.623957873,0.309108774,12.65484199,2.044221482,1.623957873,0.309108774,1
15,TUR,Turkey,3.067685254,1.590693243,2.530304994,0.105836695,0.044100327,0.001944839,-29.7876756,16.91801763,-0.869655972,0.479736385,-11.32522721,6.990502859,-0.232692151,0.201602698,1
16,PHL,Philippines,0.401954793,0.23280161,0.05419659,0.448750803,0.19144995,0.036653083,8.54084778,3.1879513,-2.978616405,2.083858237,10.95995828,2.276222017,-0.277870453,0.899271652,0
17,KOR,South Korea,3.172991919,0.33362016,0.111302411,0.040460517,0.018583171,0.000345334,-29.78683431,5.788589522,-0.060201098,0.210554018,-10.69061202,2.422458114,0.183305048,0.106442169,0
18,SLB,Solomon Islands,0.003358461,0.001918432,3.68E-06,0.003264837,0.001389734,1.93E-06,10.27994582,1.666257575,1.290121481,0.252369907,10.30015827,1.666155756,1.309770464,0.252000098,1
19,SYC,Seychelles,0,0,0,9.76E-05,4.16E-05,1.73E-09,8.619470999,1.392360947,1.105109102,0.210540372,8.619470999,1.392360947,1.105696747,0.210539975,1
20,FJI,Fiji,0.00272498,0.001388957,1.93E-06,0.0021072,0.000899757,8.10E-07,8.219018905,1.332258337,1.036691358,0.201667004,8.23541883,1.332190494,1.049373254,0.201472982,1
21,MUS,Mauritius,0.017440403,0.006961206,4.85E-05,0.002147369,0.000905263,8.20E-07,8.033553278,1.32869038,1.03185234,0.200828737,8.138515981,1.3269015,1.044775987,0.20063099,1
22,CHE,Switzerland,1.788383583,0.206399816,,0.004375663,0.002286166,,-18.34738486,2.117496993,-0.044890805,0.023454235,-7.584240382,0.875307643,-0.018556468,0.009695254,1
23,NCL,New Caledonia,0.020783951,0.007753642,6.01E-05,0,0,0,7.342400422,1.223375965,0.969590942,0.184554706,7.467485817,1.220924102,0.969590942,0.184554706,1
24,MDG,Madagascar,0.060492809,0.045981027,0.002114255,0.311975947,0.132927794,0.017669798,7.065789009,1.330389859,-2.214251409,1.446164498,7.42985679,1.256886845,-0.336666409,0.618815456,0
25,SAU,Saudi Arabia,2.042108482,0.775306041,0.601099457,0.029169344,0.012578253,0.000158212,-19.50971652,8.497010266,-0.114375629,0.140342597,-7.219563085,3.515621303,0.061176116,0.066223871,0
26,BRA,Brazil,3.242610884,2.009805828,4.039319468,0.356275941,0.150122688,0.022536822,-12.67263304,21.23765835,-1.01234502,1.688885267,6.842581563,9.171970179,1.131853498,0.826432353,1
27,ECU,Ecuador,0.13799578,0.078458517,0.006155739,0.040474664,0.017213171,0.000296293,5.628766949,1.010812404,0.488760997,0.21987489,6.459275868,0.672959294,0.732352281,0.140272327,1
28,MDV,Maldives,0,0,0,0.000694062,0.00029314,8.59E-08,5.915981737,0.955648199,0.752059655,0.144537295,5.915981737,0.955648199,0.756236771,0.144508472,1
29,ISR,Israel,1.38957363,0.174345961,0.030396514,0.006608917,0.003007104,9.04E-06,-14.09768811,2.710545144,-0.047497574,0.032563402,-5.734727348,1.12058687,-0.007722703,0.013911778,1
30,CPV,Cape Verde,0.002075774,0.001355386,1.84E-06,0.001455943,0.000623015,3.88E-07,5.131416518,0.83246741,0.646295287,0.126036807,5.143909281,0.832366801,0.655057682,0.125887768,1
31,SOM,Somalia,0.002498981,0.002244383,5.04E-06,0,0,0,4.997927305,0.811816597,0.644658993,0.122706232,5.012967083,0.811539776,0.644658993,0.122706232,1
32,ARE,United Arab Emirates,1.206424,0.279906562,0.078347684,0.009425575,0.0041482,1.72E-05,-12.00531554,3.372452114,-0.049008751,0.045647998,-4.744616025,1.394814524,0.007717795,0.020596057,0
33,TON,Tonga,0,0,0,0.000306559,0.000131679,1.73E-08,4.279728577,0.691333254,0.546059663,0.104546236,4.279728577,0.691333254,0.547904649,0.104538216,1
34,VNM,Vietnam,0.149720753,0.053216793,0.002832027,0.544405056,0.233301063,0.054429386,3.28938397,0.975680219,-4.965931366,2.520963912,4.190458055,0.815821097,-1.689503243,1.044431691,0
35,VUT,Vanuatu,0.002481583,0.001389838,1.93E-06,0.000856489,0.000364913,1.33E-07,3.98021629,0.647224835,0.505249393,0.097920912,3.995151361,0.647086431,0.510404059,0.09785502,1
36,PER,Peru,0.386735181,0.212437365,0.045129634,0.073832581,0.031418742,0.000987137,1.62751371,2.421388134,-0.039459894,0.365694541,3.955027041,1.292845466,0.404891497,0.195343294,1
37,PLW,Palau,0,0,0,2.74E-05,1.14E-05,1.31E-10,3.950337093,0.638124439,0.506653594,0.096491463,3.950337093,0.638124439,0.506818615,0.096491397,1
38,MEX,Mexico,3.923149495,2.41995913,5.856202191,0.172543521,0.071712041,0.005142617,-19.77133116,25.4804262,0.857599095,0.918811958,3.839612938,10.81678874,1.896028917,0.589681438,1
39,ARG,Argentina,0.763786393,0.388078942,0.150605266,0.060438781,0.025307632,0.000640476,-0.944167184,4.271250017,0.264333797,0.321138256,3.652577816,2.028548907,0.628076418,0.202372649,1
40,CRI,Costa Rica,0.093034886,0.039954747,0.001596382,0.009044329,0.003806309,1.45E-05,2.895101446,0.756639296,0.401215533,0.102635727,3.45501931,0.646597245,0.455647601,0.095534854,1
41,NAM,Namibia,0.037381761,0.013014622,0.00016938,0.005060408,0.002143182,4.59E-06,3.228916119,0.601002412,0.411655666,0.091221079,3.453893185,0.586484552,0.442111048,0.088745036,1
42,QAT,Qatar,0.846174016,0.155647772,0.024226229,0.001264346,0.000635741,4.04E-07,-8.478765329,2.021988406,0.012989777,0.008389422,-3.386181574,0.836250957,0.020599071,0.005680616,0
43,LKA,Sri Lanka,0.069651442,0.03746873,0.001403906,0.085482831,0.036697942,0.001346739,2.71366319,0.68138082,-0.437050838,0.404986442,3.132850966,0.577384967,0.077416009,0.183597969,1
44,NGA,Nigeria,0.989321392,0.606629186,0.36799897,0.964819071,0.41187622,0.169642021,-8.999195717,6.38989526,-9.750637983,4.453949986,-3.045098857,2.644916292,-3.944005024,1.840005591,1
45,MMR,Myanmar,0.042731442,0.031023175,0.000962437,0,0,0,2.758042617,0.609485031,0.410188652,0.078076478,3.015216013,0.533283987,0.410188652,0.078076478,1
46,YEM,Yemen,0.117194126,0.072937212,0.005319837,0.153409684,0.06530558,0.004264819,2.186293113,0.941903306,-1.139010346,0.710587572,2.891610091,0.631990404,-0.215734932,0.302613467,0
47,OMN,Oman,0.16280489,0.081020976,0.006564399,0.003020103,0.001296716,1.68E-06,1.905366679,1.038732316,0.427864048,0.088448487,2.885185868,0.678313156,0.446040127,0.087524045,1
48,MOZ,Mozambique,0.188330057,0.143439383,0.020574857,0.27547883,0.117753234,0.013865824,1.706432159,1.606227752,-2.359268487,1.275014498,2.839871112,0.851593801,-0.701336445,0.532010492,0
49,KWT,Kuwait,0.606714437,0.195828667,0.038348867,0.002586683,0.001200152,1.44E-06,-6.152555418,2.197004074,-0.017317085,0.013001634,-2.501126721,0.908194926,-0.001749486,0.005606778,1
50,NIU,Niue,0,0,0,0,0,0,2.044183311,0.330210637,0.262323906,0.049931481,2.044183311,0.330210637,0.262323906,0.049931481,1
51,NRU,Nauru,0,0,0,0,0,0,1.987103195,0.320990103,0.254998986,0.048537234,1.987103195,0.320990103,0.254998986,0.048537234,1
52,IND,India,3.983578947,2.418526984,5.849272773,6.967538074,2.982199652,8.893514765,-25.93680663,25.41081883,-69.56524864,32.06903535,-1.962176049,10.56042385,-27.63206405,13.13653572,1
53,IRN,Iran,0.693536614,0.26253434,0.068924279,0.200413879,0.085227312,0.007263695,-6.104352102,2.882320255,-1.92637587,0.922350153,-1.930395885,1.19993245,-0.720212071,0.381693845,1
54,CUB,Cuba,0.091008324,0.03257426,0.001061082,0.02140585,0.009112843,8.30E-05,1.329691388,0.512684765,0.070843807,0.112967503,1.877412666,0.394482964,0.199672018,0.068615948,1
55,COL,Colombia,0.666053134,0.341863442,0.116870613,0.108448643,0.046078536,0.002123232,-2.213140852,3.709359152,-0.519721559,0.510422742,1.795409759,1.672740829,0.132961919,0.234080667,1
56,DOM,Dominican Republic,0.138941049,0.076281688,0.005818896,0.020644227,0.008731329,7.62E-05,0.912171195,0.891703267,0.088183317,0.110367181,1.748369087,0.503646447,0.212427804,0.069123358,1
57,PAN,Panama,0.09335421,0.039569293,0.001565729,0.00646192,0.00270814,7.33E-06,1.1707627,0.548960485,0.206850164,0.059687465,1.732602372,0.386483072,0.245740357,0.053376025,1
58,GNQ,Equatorial Guinea,0.060556277,0.022873469,0.000523196,0.000813487,0.000342711,1.17E-07,1.332894273,0.403058148,0.242424889,0.047875593,1.697344026,0.332142317,0.247320751,0.047756214,1
59,JAM,Jamaica,0.017420032,0.011015429,0.00012134,0.005530567,0.002355067,5.55E-06,1.57088416,0.305402812,0.167781691,0.049744893,1.675724266,0.286622666,0.201066659,0.04400637,1
60,LBY,Libya,0.17672071,0.083243735,0.006929519,0.008521874,0.003526316,1.24E-05,0.52878098,0.968443659,0.213087796,0.068796976,1.592350646,0.527613112,0.264375539,0.059329612,1
61,LBR,Liberia,0.017322499,0.013420645,0.000180114,0.062571644,0.026707786,0.000713306,1.44004138,0.296410349,-0.434333191,0.291444023,1.544294495,0.267622887,-0.057754225,0.125608159,0
62,IRQ,Iraq,0.362686737,0.236116228,0.055750873,0.112103374,0.047690936,0.002274425,-3.713245695,2.479991507,-1.149111792,0.516118682,-1.530464668,1.025147495,-0.474432811,0.213346547,1
63,ETH,Ethiopia,0.35595457,0.292203699,,1.421825757,0.60628844,,-3.651809122,2.99777619,-14.58679481,6.220034365,-1.509544735,1.239187787,-6.029728982,2.57116947,1
64,KAZ,Kazakhstan,0.348779521,0.129996215,,0.031859496,0.01357209,,-3.578198857,1.333657168,-0.32685294,0.139238785,-1.479116532,0.551292548,-0.135110878,0.057556999,1
65,UGA,Uganda,0.320458803,0.259550736,,0.400173691,0.170128155,,-3.287650952,2.662782914,-4.105461933,1.745378767,-1.359013031,1.100711947,-1.69707075,0.721485499,1
66,NIC,Nicaragua,0.011597131,0.006802456,4.63E-05,0.030287399,0.012936584,0.000167355,1.254819073,0.233232478,-0.134429326,0.143835682,1.324614838,0.223881729,0.047851287,0.066798964,1
67,AGO,Angola,0.443907254,0.261851029,0.068565961,0.062661765,0.026653931,0.000710432,-1.368067407,2.807893728,-0.23400131,0.29840462,1.303528303,1.249440975,0.143120039,0.142020444,1
68,HND,Honduras,0.047828767,0.030438977,0.000926531,0.034921093,0.014886596,0.000221611,0.862730343,0.387428333,-0.184582762,0.164342772,1.150581299,0.255414402,0.025585107,0.07424732,1
69,AFG,Afghanistan,0.267910528,0.193592647,,0.336531094,0.143958871,,-2.748547691,1.986105682,-3.452539803,1.476902846,-1.136164448,0.820994547,-1.427172973,0.610505873,1
70,SEN,Senegal,0.074818999,0.059191801,0.003503669,0.092539601,0.039415231,0.00155356,0.659305386,0.658360611,-0.766273967,0.427690062,1.1095934,0.343478375,-0.209336905,0.179459345,0
71,GAB,Gabon,0.044802893,0.018627956,0.000347001,0.002707017,0.001134141,1.29E-06,0.836700772,0.290914092,0.13858393,0.033963448,1.106340919,0.225382414,0.154875743,0.032067122,1
72,PAK,Pakistan,0.600147375,0.383183968,0.146829953,1.277324605,0.544807159,0.29681484,-4.715284572,4.032689586,-12.91931347,5.891283322,-1.103378844,1.678919898,-5.231908269,2.433334852,1
73,GHA,Ghana,0.090901981,0.059355529,0.003523079,0.205155403,0.08755228,0.007665402,0.529057529,0.666186741,-1.917162546,0.947339217,1.076138797,0.349154772,-0.68246253,0.392589884,0
74,MRT,Mauritania,0.011667961,0.005658015,3.20E-05,0.02624309,0.011178436,0.000124957,0.993110726,0.189657178,-0.126428942,0.123922472,1.063332769,0.181481486,0.031511541,0.05685652,1
75,STP,Sao Tome and Principe,0.000631981,0.000373425,1.39E-07,0.001093319,0.000467967,2.19E-07,1.056116431,0.171693745,0.125143698,0.026443147,1.059919924,0.171656254,0.131723689,0.026038666,1
76,NER,Niger,0.248110955,0.240174509,,0.237676495,0.101072254,,-2.545419912,2.463998327,-2.438370698,1.036920473,-1.052197718,1.018540558,-1.007946891,0.428630793,1
77,MYS,Malaysia,0.527815821,0.209660046,0.043957335,0.04901018,0.020502045,0.000420334,-2.132782906,2.343507217,-0.081612277,0.235988918,1.043805153,1.080325306,0.213348859,0.121661087,1
78,MAR,Morocco,0.179397507,0.099121413,0.009825054,0.103032017,0.044032538,0.001938864,-0.038465228,1.089155169,-0.82577958,0.478000198,1.041214379,0.521972727,-0.205695334,0.201387537,0
79,COM,Comoros,0.004079639,0.003437828,1.18E-05,0.0058013,0.002476254,6.13E-06,1.014942703,0.174413661,0.076098829,0.037192382,1.03949546,0.171346912,0.111013168,0.028081287,1
80,URY,Uruguay,0.041727373,0.020467074,0.000418901,0.005082279,0.002142359,4.59E-06,0.757435066,0.290600978,0.099994691,0.037100537,1.008565611,0.211701044,0.130581696,0.030499114,1
81,VEN,Venezuela,0.489847771,0.167929188,0.028200212,0.05261017,0.02202792,0.000485229,-1.981745566,1.927872161,-0.149149287,0.249797809,0.966336926,0.912489508,0.167477899,0.123287391,1
82,SLE,Sierra Leone,0.02416228,0.017525073,0.000307128,0.066220714,0.028363747,0.000804502,0.783885818,0.247638744,-0.546967415,0.307656779,0.92930323,0.183029271,-0.148427012,0.12914627,0
83,GUY,Guyana,0.002195735,0.001377632,1.90E-06,0.003893907,0.001679794,2.82E-06,0.868334689,0.144633345,0.074373174,0.028333178,0.881549423,0.144030154,0.097808123,0.023014165,1
84,CIV,Côte d'Ivoire,0.053777427,0.033190221,0.001101591,0.122450454,0.052029453,0.002707064,0.551909519,0.392194336,-1.114619084,0.563544441,0.875561681,0.229340063,-0.377667605,0.23407995,0
85,ZAF,South Africa,1.06924108,0.467080849,0.21816452,0.090108835,0.053598493,0.002872798,-11.99520546,5.85569312,-0.572816917,0.643562845,0.874959904,2.683440928,0.511798731,0.327109647,1
86,SUR,Suriname,0.004875497,0.002195475,4.82E-06,0.00112655,0.000480735,2.31E-07,0.806558168,0.140368218,0.098364431,0.021558738,0.835900685,0.13871005,0.105144422,0.021032383,1
87,WSM,Samoa,0.000776022,0.00054017,2.92E-07,0.000594183,0.000255389,6.52E-08,0.830389628,0.135542126,0.101487223,0.020662611,0.835060011,0.135444251,0.105063233,0.020509161,1
88,CAN,Canada,8.915315767,1.802362728,3.248511403,0.022876166,0.011259158,0.000126769,-54.41944354,23.13839229,4.519126496,0.912185372,-0.763822599,10.74392528,4.656803604,0.905719457,0
89,BFA,Burkina Faso,0.174569152,0.144322689,,0.15798208,0.067517103,,-1.79093984,1.480635333,-1.62076976,0.692671468,-0.740319035,0.612048767,-0.669975997,0.286328921,1
90,PRK,Palestine,0,0,0,0,0,0,0.735016856,0.118732201,0.094322506,0.017953615,0.735016856,0.118732201,0.094322506,0.017953615,1
91,ATG,Antigua and Barbuda,0,0,0,9.67E-05,4.10E-05,1.68E-09,0.716830121,0.115794376,0.090996852,0.017514976,0.716830121,0.115794376,0.091578676,0.017510311,1
92,COD,Congo [DRC],0.184300235,0.134315174,0.018040566,0.970817135,0.413746834,0.171186442,-1.804920238,1.404208969,-9.948789926,4.476683742,-0.695734224,0.580563327,-4.106058434,1.850426588,1
93,GNB,Guinea-Bissau,0.005037746,0.003224552,1.04E-05,0.016997372,0.007278917,5.30E-05,0.634326132,0.11587897,-0.086345912,0.080463512,0.664645126,0.111694822,0.015950468,0.036579624,1
94,MWI,Malawi,0.15118466,0.125694781,,0.25892537,0.110284652,,-1.551033659,1.289527893,-2.656367161,1.131432303,-0.641149254,0.533050873,-1.098059873,0.467699055,1
95,TZA,Tanzania,0.226516693,0.156612421,0.02452745,0.48618808,0.206970356,0.042836728,-0.77164657,1.658641793,-4.788707284,2.238696477,0.591613478,0.721989238,-1.86265015,0.925164634,0
96,HTI,Haiti,0.017556077,0.01033965,0.000106908,0.101746305,0.043593962,0.001900434,0.484873298,0.153118885,-0.958500217,0.47160172,0.59053217,0.116493056,-0.346153854,0.195424959,0
97,BLR,Belarus,0.13405353,0.038566356,,0.018440583,0.007895071,,-1.375281975,0.395659956,-0.189185629,0.080997109,-0.568498954,0.163553566,-0.078203477,0.033481695,1
98,GIN,Guinea,0.020813597,0.013544692,0.000183459,0.14659395,0.062676118,0.003928296,0.442916509,0.177403026,-1.419696737,0.677967795,0.568180324,0.121230238,-0.537440893,0.280516962,0
99,DZA,Algeria,0.330147802,0.167914322,0.028195219,0.102155242,0.043450625,0.001887957,-2.544139154,1.793894493,-0.93986254,0.470535818,-0.557189305,0.751437193,-0.325055048,0.195303581,1
100,NPL,Nepal,0.122467685,0.110007239,,0.307176784,0.131498638,,-1.256420471,1.128586269,-3.151388063,1.349070831,-0.519365291,0.466522593,-1.302686175,0.557664079,1
101,TLS,Timor-Leste,0,0,0,0.008931398,0.003831695,1.47E-05,0.486006677,0.078507917,-0.029261225,0.043091348,0.486006677,0.078507917,0.024491187,0.020830794,1
102,MLI,Mali,0.11086897,0.087088373,,0.131754957,0.056424636,,-1.137426941,0.893457037,-1.351700453,0.57887163,-0.470177053,0.369327454,-0.558751083,0.239287595,1
103,SLV,El Salvador,0.042749907,0.027026346,0.000730423,0.017210467,0.007361022,5.42E-05,0.172462688,0.30083743,-0.098152367,0.080986802,0.429747218,0.153394991,0.005426497,0.036118037,1
104,ERI,Eritrea,0.019350278,0.016475332,0.000271437,0.110900236,0.047265825,0.002234058,0.303357718,0.189559219,-1.073343449,0.511471833,0.419814747,0.107636712,-0.405905393,0.211655321,0
105,SYR,Syria,0.11350629,0.062027564,0.003847419,0.092675825,0.039244149,0.001540103,-1.098493951,0.657806899,-0.942311559,0.424899657,-0.415371713,0.272079127,-0.38455465,0.175639408,1
106,TCD,Chad,0.093291874,0.060935367,,0.089505098,0.038153581,,-0.957099994,0.625148116,-0.918250703,0.391425222,-0.39563548,0.25841686,-0.379576387,0.161803058,1
107,SDN,Sudan,0.216636656,0.181679158,0.033007316,0.21153153,0.090427419,0.008177118,-1.692045031,1.892252197,-2.102070169,0.978028154,-0.388246644,0.785823825,-0.828996293,0.404326731,1
108,THA,Thailand,0.362646144,0.129377135,0.016738443,0.176724266,0.075465007,0.005694967,-1.801305159,1.461915066,-1.566770298,0.817118425,0.38123156,0.666229994,-0.50317923,0.340048663,0
109,TTO,Trinidad and Tobago,0.030717172,0.011690294,0.000136663,0.001313967,0.000570025,3.25E-07,0.176882036,0.150731872,0.049658643,0.013502559,0.361749178,0.095482707,0.057566574,0.012284012,1
110,SRB,Serbia,0.084259922,0.024408106,,0.015975059,0.006857413,,-0.864439397,0.250407642,-0.163891328,0.070351568,-0.357332461,0.10351076,-0.067747597,0.029081158,1
111,ZMB,Zambia,0.080749555,0.055023806,,0.099697071,0.042453763,,-0.828425832,0.564500235,-1.022812192,0.435541642,-0.342445569,0.233346905,-0.422798867,0.180039419,1
112,RWA,Rwanda,0.075517762,0.057233362,,0.134978608,0.057548553,,-0.77475182,0.587168505,-1.384772538,0.590402118,-0.320258396,0.242717266,-0.572422058,0.244053941,1
113,AZE,Azerbaijan,0.075299735,0.03268951,,0.024177035,0.010330627,,-0.77251504,0.335368217,-0.248037042,0.105983973,-0.31933378,0.138630829,-0.102530827,0.04381049,1
114,EGY,Egypt,0.299090455,0.136847506,0.01872724,0.341775188,0.146213989,0.021378531,-1.504957939,1.49138297,-3.305704487,1.58096295,0.295077472,0.657370311,-1.24877679,0.653811773,0
115,BWA,Botswana,0.068782663,0.020507696,,0.003505361,0.001466716,,-0.705655094,0.210392551,-0.035962195,0.015047337,-0.29169595,0.086969761,-0.014865657,0.006220103,1
116,TKM,Turkmenistan,0.065714716,0.020586106,,0.015591062,0.006647702,,-0.674180416,0.211196982,-0.159951822,0.068200104,-0.278685294,0.087302288,-0.066119127,0.02819181,1
117,KEN,Kenya,0.184735173,0.120962114,0.014631833,0.372209076,0.158223886,0.025034798,-0.841169981,1.280970291,-3.68330234,1.711956184,0.270633646,0.551396572,-1.443212409,0.70759815,0
118,BGD,Bangladesh,0.225386301,0.105388251,0.011106683,1.366317328,0.584289205,0.341393875,-1.590954401,1.136195311,-13.92475678,6.318233684,-0.234497461,0.481285705,-5.701760921,2.610661263,1
119,VCT,Saint Vincent and the Grenadines,0.000996471,0.000581585,3.38E-07,0.000191897,8.16E-05,6.66E-09,0.222651546,0.038115799,0.02791538,0.00575634,0.228648674,0.037703219,0.029070287,0.005699899,1
120,CMR,Cameroon,0.076680682,0.040549421,0.001644256,0.131545517,0.056097409,0.003146919,-0.689386117,0.431187052,-1.337066019,0.606930102,-0.227893814,0.178802176,-0.545377136,0.250880525,1
121,UZB,Uzbekistan,0.051092288,0.022471525,,0.207898362,0.088798844,,-0.524166002,0.230539872,-2.132870876,0.911005103,-0.216673983,0.09529804,-0.88166273,0.376581281,1
122,LBN,Lebanon,0.081485447,0.02968978,0.000881483,0.006712946,0.002808974,7.89E-06,-0.706276662,0.327822914,-0.052225591,0.030613798,-0.215867534,0.136836801,-0.011824636,0.012978374,1
123,BOL,Bolivia,0.050760313,0.030262013,,0.054019671,0.023095842,,-0.520760199,0.31046404,-0.554198609,0.236944862,-0.21526613,0.128336214,-0.229088532,0.097945664,1
124,JOR,Jordan,0.050456388,0.016692092,,0.019331729,0.008161658,,-0.517642177,0.171247506,-0.198328071,0.083732085,-0.213977236,0.070788412,-0.081982679,0.034612249,1
125,KHM,Cambodia,0.024700644,0.013119406,0.000172119,0.118511372,0.05075741,0.002576315,0.059486015,0.148241837,-1.175679012,0.548920624,0.208143499,0.076626403,-0.462434363,0.226969788,0
126,BLZ,Belize,0.004653265,0.002854438,8.15E-06,0.000707809,0.00029994,9.00E-08,0.172714759,0.046605172,0.02102859,0.006287981,0.200719806,0.037716587,0.025288441,0.005549471,1
127,TUN,Tunisia,0.11345608,0.035466289,0.001257858,0.024605265,0.01047585,0.000109743,-0.523048418,0.413132197,-0.17018297,0.114409612,0.15977164,0.194996174,-0.022099514,0.049375752,0
128,GTM,Guatemala,0.131560257,0.093507196,0.008743596,0.049446676,0.021079284,0.000444336,-0.638693328,0.984921121,-0.4160416,0.228672688,0.153084268,0.420173201,-0.118453477,0.095797254,0
129,BRN,Brunei,0.03071388,0.010857298,0.000117881,0.000342523,0.000157405,2.48E-08,-0.037916637,0.128198442,0.03205608,0.006978421,0.14693069,0.066853229,0.034117506,0.006806439,1
130,PRY,Paraguay,0.030342771,0.014372763,,0.026782695,0.011430068,,-0.311292559,0.147453049,-0.274769023,0.117263354,-0.128678698,0.060952521,-0.113581,0.048473037,1
131,BIH,Bosnia and Herzegovina,0.030176731,0.006652558,,0.009227234,0.003969782,,-0.309589122,0.068249923,-0.094664042,0.040726787,-0.12797455,0.028212403,-0.039131181,0.016835192,1
132,GMB,Gambia,0.004956641,0.003127113,9.78E-06,0.017433214,0.007420435,5.51E-05,0.096654334,0.040615375,-0.159921888,0.080377108,0.126485206,0.027432902,-0.055002451,0.033383916,0
133,CAF,Central African Republic,0.027333645,0.022688437,,0.0452673,0.019367452,,-0.280421327,0.232765214,-0.464406282,0.198694562,-0.115917487,0.096217927,-0.191971167,0.082134175,1
134,MKD,Macedonia,0.025965467,0.005472753,,0.00508657,0.002182239,,-0.266384919,0.056146065,-0.052184139,0.022388026,-0.110115271,0.023209044,-0.021571306,0.009254516,1
135,LCA,Saint Lucia,0,0,0,0.000299009,0.000125977,1.59E-08,0.099032547,0.015997391,0.009640954,0.00277735,0.099032547,0.015997391,0.011440501,0.002483864,1
136,BDI,Burundi,0.022937526,0.017302309,,0.199336833,0.085204569,,-0.235320669,0.17750785,-2.045036438,0.874130713,-0.097274273,0.073376245,-0.845354695,0.361338551,1
137,GEO,Georgia,0.014796934,0.006472613,4.19E-05,0.015918487,0.006873436,4.72E-05,-0.004334699,0.0738013,-0.144386562,0.074358145,0.084718644,0.037429955,-0.048583301,0.030909014,0
138,ZWE,Zimbabwe,0.019168245,0.01049697,,0.147437659,0.062944558,,-0.196650855,0.107690519,-1.512592431,0.645760814,-0.08128937,0.044515924,-0.625258841,0.266937511,1
139,BEN,Benin,0.070241119,0.053600495,0.002873013,0.087034543,0.037105172,0.001376794,-0.492409493,0.56061117,-0.863619508,0.401475756,-0.069672828,0.234124839,-0.339813896,0.166011936,1
140,KNA,Saint Kitts and Nevis,0,0,0,5.85E-05,2.48E-05,6.15E-10,0.061052354,0.009862196,0.007234228,0.001515238,0.061052354,0.009862196,0.007586463,0.001495393,1
141,UKR,Ukraine,0.192261979,0.052987927,0.00280772,0.154906127,0.066975377,0.004485701,-1.096998769,0.62822458,-1.476868384,0.723718299,0.060103923,0.289706277,-0.544586831,0.29963286,0
142,LAO,Laos,0.013718452,0.007988123,,0.052052627,0.022260703,,-0.140740342,0.081951751,-0.534018315,0.228377002,-0.058177696,0.033876314,-0.220746624,0.094403976,1
143,MNG,Mongolia,0.013614458,0.005647082,,0.013589932,0.005814396,,-0.139673443,0.057934539,-0.139421835,0.059651052,-0.057736673,0.023948343,-0.057632666,0.024657896,1
144,ARM,Armenia,0.011783271,0.005393582,,0.010326274,0.004444173,,-0.120886932,0.055333841,-0.105939308,0.04559366,-0.049970912,0.022873295,-0.043792027,0.018847006,1
145,TJK,Tajikistan,0.011642422,0.006858264,,0.083676565,0.035702881,,-0.119441933,0.070360306,-0.858454614,0.366282995,-0.049373594,0.02908477,-0.354858537,0.15141004,1
146,ALB,Albania,0.030069526,0.011613424,0.000134872,0.007807309,0.003339439,1.12E-05,-0.230321531,0.127655819,-0.070065713,0.036169602,-0.049352163,0.054004346,-0.02307848,0.0150514,1
147,BHR,Bahrain,0,0,0,0.001326295,0.000574123,3.30E-07,0.048288253,0.007800325,-0.007410044,0.006313532,0.048288253,0.007800325,0.000572086,0.00282209,1
148,LSO,Lesotho,0.008328002,0.004006774,,0.012795489,0.005487223,,-0.085438634,0.041106298,-0.131271484,0.056294517,-0.035317684,0.01699207,-0.054263564,0.023270409,1
149,BTN,Bhutan,0.007727678,0.003006573,,0.002873493,0.001227147,,-0.07927979,0.030845036,-0.029479734,0.012589551,-0.032771809,0.012750382,-0.012186009,0.00520413,1
150,KGZ,Kyrgyzstan,0.007509882,0.00302622,,0.047081853,0.020177227,,-0.077045382,0.031046594,-0.483022145,0.207002205,-0.031848174,0.0128337,-0.199666388,0.085568297,1
151,DJI,Djibouti,0.003496891,0.001209138,1.46E-06,0.00525313,0.002215737,4.91E-06,0.010537715,0.015373627,-0.047936873,0.024026415,0.031583278,0.00932679,-0.016321619,0.00998499,0
152,TGO,Togo,0.030811332,0.022572021,0.000509496,0.072674257,0.030977071,0.000959579,-0.21688082,0.236466689,-0.73284729,0.335169746,-0.031446991,0.098825421,-0.295467112,0.138557946,1
153,SWZ,Swaziland,0.007317932,0.003235069,,0.003908154,0.001665616,,-0.075076129,0.03318922,-0.040094532,0.017087886,-0.031034146,0.013719395,-0.016573837,0.007063603,1
154,MDA,Moldova,0.003305917,0.001422399,,0.01984475,0.008561813,,-0.033916068,0.014592681,-0.203591257,0.087837347,-0.014019852,0.006032162,-0.084158317,0.036309238,1
155,COG,Congo [Republic],0.047956704,0.023421992,0.00054859,0.016195616,0.006895679,4.76E-05,-0.274781889,0.252784041,-0.138279452,0.074802056,0.013839038,0.109254046,-0.040808327,0.031291748,0
156,PSE,Palestinian Territories,0,0,0,0.019906911,0.008477286,7.19E-05,0.00719788,0.001162722,-0.203305295,0.091733359,0.00719788,0.001162722,-0.083498248,0.0379199,0
157,SGP,Singapore,0,0,0,0.003619561,0.001757446,3.09E-06,0.004588393,0.000741194,-0.036544981,0.018794499,0.004588393,0.000741194,-0.014761146,0.007769712,0
158,MCO,Monaco,0,0,0,1.40E-05,8.40E-06,7.05E-11,0.001848194,0.000298551,9.33E-05,9.94E-05,0.001848194,0.000298551,0.000177691,5.81E-05,1
159,MNE,Montenegro,0.009609971,0.002837656,8.05E-06,0.001222356,0.00052253,2.73E-07,-0.057579934,0.033011162,-0.007277622,0.00574015,0.000256374,0.014919256,7.90E-05,0.002542021,1
