,,(Country) Social Cost of carbon,,CSCC-Tol,,,(National) CO2 Prices,,,,(National) CO2 Prices with 5% Ocean Weakening,,,,(National) CO2 Prices with 10% Ocean Carbon Sink Decrease,,,
,,,,,,,alpha: country-splitting (main specification),,,,alpha: country-splitting (main specification),,,,alpha: country-splitting (main specification),,,
,,DJO,,Tol ,,,Low NDCs ambition,,High NDCs ambition,,Low NDCs ambition,,High NDCs ambition,,Low NDCs ambition,,High NDCs ambition,
,,USD(2020)/tCO2,,USD(2020)/tCO2,,,USD(2020)/tCO2,,USD(2020)/tCO2,,USD(2020)/tCO2,,USD(2020)/tCO2,,USD(2020)/tCO2,,USD(2020)/tCO2,
,,Mean,Std,Mean,Std,,Mean,Std,Mean,Std,Mean,Std,Mean,Std,Mean,Std,Mean,Std
,Global,227.278543,14.94717111,29.16597296,3.668685039,,26.46188765,17.99863147,42.07619545,20.76262568,30.08670038,18.55706116,46.24410834,21.19553483,33.94916203,18.99418632,50.64439532,21.52495961
,Full Trade,227.278543,14.94717111,29.16597296,3.668685039,,9.649616853,5.108189764,19.04486285,6.992549148,10.97386746,5.401841355,20.84188188,7.234205887,12.27455135,5.665137937,22.60219925,7.453144504
USA,USA,88.96720661,13.2585937,0.190696469,0.09649965,,49.1807579,21.73601604,55.81239946,22.61466768,52.59604207,22.20776352,59.46841468,23.03751757,56.13738366,22.65390533,63.25048733,23.43478612
EU29,EU,45.56437317,1.713745339,0.362439296,0.05095192,,101.5065894,36.03210195,101.5065894,36.03210195,115.2620301,37.01656105,115.2620301,37.01656105,129.9541595,37.79747157,129.9541595,37.79747157
CHN,CHN,12.12300335,4.039099099,3.729835787,1.597700251,,2.638386352,2.753633534,6.378690695,4.214979603,2.65459033,2.762442755,6.406203906,4.223212099,2.6708603,2.771249125,6.43378311,4.231441297
JPN,JPN,10.92015107,1.024801295,0.082842286,0.040992817,,127.9727597,45.53123811,151.6729968,46.24078251,135.9854506,45.84102147,160.4432693,46.35905894,144.2621568,46.08387807,169.4775571,46.411083
GBR,GBR,9.318127287,1.100032012,0.039352918,0.01961849,,114.6942646,38.51401923,114.6942646,38.51401923,170.3963482,40.75721383,170.3963482,40.75721383,237.7391487,40.63682015,237.7391487,40.63682015
CAN,CAN,8.915315767,1.802362728,0.022876166,0.011259158,,131.4391196,40.76899961,162.060961,42.44234722,156.1532277,42.18222915,189.5239208,43.328973,183.1086445,43.16543054,219.2281891,43.79382329
AUS,AUS,4.692270305,0.646904121,0.014985436,0.007356483,,50.22097029,18.14319653,50.22097029,18.14319653,71.10139535,19.21182558,71.10139535,19.21182558,95.84209973,19.49685514,95.84209973,19.49685514
RUS,RUS,4.129600758,1.143393541,0.220945518,0.093479337,,1.11628357,1.675907168,1.11628357,1.675907168,1.769406893,2.142529246,1.769406893,2.142529246,2.701929905,2.578042339,2.701929905,2.578042339
IND,IND,3.983578947,2.418526984,6.967538074,2.982199652,,0,0,0.594294008,1.455717076,0.001457904,0.000352614,0.614362145,1.501016695,0.005831615,0.001410456,0.63734609,1.545744561
MEX,MEX,3.923149495,2.41995913,0.172543521,0.071712041,,2.166132194,4.823360815,16.340773,13.95585422,3.354408295,6.039156981,20.70968433,15.37501318,5.165723172,7.18752433,25.70163443,16.72199072
BRA,BRA,3.242610884,2.009805828,0.356275941,0.150122688,,70.79714457,46.27404847,250.4905043,78.25376313,81.40374762,50.13143758,272.1316475,79.67167039,92.97098412,53.81036223,294.7334241,80.86746774
KOR,KOR,3.172991919,0.33362016,0.040460517,0.018583171,,66.69336357,34.57549372,66.69336357,34.57549372,67.421253,34.60618103,67.421253,34.60618103,68.15375929,34.63543531,68.15375929,34.63543531
TUR,TUR,3.067685254,1.590693243,0.105836695,0.044100327,,0,0,0,0,0.003412613,0.000870622,0.003412613,0.000870622,0.013650454,0.003482489,0.013650454,0.003482489
SAU,SAU,2.042108482,0.775306041,0.029169344,0.012578253,,0.133016479,0.152089982,223.4442858,37.5051903,0.146611259,0.166113485,224.2126859,37.57022367,0.161536017,0.180102436,224.9824159,37.63527577
ISR,ISR,1.38957363,0.174345961,0.006608917,0.003007104,,124.0174809,26.67253047,124.0174809,26.67253047,124.7913234,26.74881279,124.7913234,26.74881279,125.5676118,26.82506643,125.5676118,26.82506643
ARE,ARE,1.206424,0.279906562,0.009425575,0.0041482,,53.53253549,19.00232178,53.53253549,19.00232178,53.86212802,19.06449145,53.86212802,19.06449145,54.19277099,19.12666058,54.19277099,19.12666058
ZAF,ZAF,1.06924108,0.330276036,0.090108835,0.037899858,,0,0,64.55829532,6.417872685,0.035302679,0.004205001,67.60286743,6.513945874,0.141210714,0.016820002,70.7180449,6.611170846
NGA,NGA,0.989321392,0.606629186,0.964819071,0.41187622,,27.05951878,6.89726869,111.6826172,16.64335049,27.94551727,7.014484482,113.4906932,16.85645964,28.84611393,7.132131479,115.3133673,17.07187685
QAT,QAT,0.846174016,0.155647772,0.001264346,0.000635741,,14.51520496,9.485070384,14.51520496,9.485070384,14.70780742,9.569613058,14.70780742,9.569613058,14.90187887,9.654212109,14.90187887,9.654212109
ARG,ARG,0.763786393,0.388078942,0.060438781,0.025307632,,25.86534286,17.15247814,25.86534286,17.15247814,30.17274935,18.20112042,30.17274935,18.20112042,34.85344218,19.20972548,34.85344218,19.20972548
IRL,IRL,0.739046008,0.10818713,0.002705598,0.00137667,,81.48413101,38.83629713,81.48413101,38.83629713,104.6784363,41.84926868,104.6784363,41.84926868,131.0905846,44.15831328,131.0905846,44.15831328
IRN,IRN,0.693536614,0.26253434,0.200413879,0.085227312,,5.814372048,4.34688281,15.81517164,8.21059743,5.874893766,4.381603575,15.92569128,8.241577965,5.93584197,4.416300142,16.03663742,8.27252354
COL,COL,0.666053134,0.341863442,0.108448643,0.046078536,,77.33854913,27.03671042,77.33854913,27.03671042,87.92125328,28.13978209,87.92125328,28.13978209,99.21129542,29.17707572,99.21129542,29.17707572
KWT,KWT,0.606714437,0.195828667,0.002586683,0.001200152,,35.63075602,14.38694446,35.63075602,14.38694446,35.72752221,14.40773013,35.72752221,14.40773013,35.82442646,14.42851264,35.82442646,14.42851264
PAK,PAK,0.600147375,0.383183968,1.277324605,0.544807159,,0,0,0,0,0.003198055,0.000499693,0.003198055,0.000499693,0.01279222,0.001998773,0.01279222,0.001998773
MYS,MYS,0.527815821,0.209660046,0.04901018,0.020502045,,14.98927386,7.035307386,14.98927386,7.035307386,15.78280124,7.170372124,15.78280124,7.170372124,16.5986282,7.302207502,16.5986282,7.302207502
VEN,VEN,0.489847771,0.167929188,0.05261017,0.02202792,,0,0,0,0,0.196951006,0.026475537,0.196951006,0.026475537,0.787804025,0.105902149,0.787804025,0.105902149
IDN,IDN,0.461671778,0.200035082,1.037242901,0.444074415,,9.448735055,6.103047663,57.93787644,11.15544756,13.04911171,6.998543401,66.96315883,11.58485381,17.31834458,7.800359042,76.65729745,12.03309281
CHL,CHL,0.453801936,0.171641501,0.02337769,0.009744356,,56.17934567,24.9475007,56.17934567,24.9475007,103.8927891,30.53655718,103.8927891,30.53655718,166.8558193,34.88129301,166.8558193,34.88129301
AGO,AGO,0.443907254,0.261851029,0.062661765,0.026653931,,24.51093263,5.116493961,56.90163175,7.2782614,39.44714094,6.228004837,78.82875878,8.517200711,57.97398966,7.339410266,104.3465262,10.02319544
PHL,PHL,0.401954793,0.23280161,0.448750803,0.19144995,,0,0,345.0621699,21.2056713,0.664087743,0.112497798,345.0621699,21.2056713,2.656350971,0.44999119,345.0621699,21.2056713
PER,PER,0.386735181,0.212437365,0.073832581,0.031418742,,3.69354689,7.315742481,49.78608414,25.7867917,8.867166306,10.93870091,70.39278188,29.45501371,17.84241436,14.24131821,94.80110827,32.88951013
NZL,NZL,0.383081977,0.043720585,0.003261245,0.001544575,,7.48433162,3.054931636,7.48433162,3.054931636,34.72338865,2.813207679,34.72338865,2.813207679,49.76688553,2.264283339,49.76688553,2.264283339
IRQ,IRQ,0.362686737,0.236116228,0.112103374,0.047690936,,0,0,0,0,2.53E-07,2.83E-08,2.53E-07,2.83E-08,1.01E-06,1.13E-07,1.01E-06,1.13E-07
THA,THA,0.362646144,0.129377135,0.176724266,0.075465007,,25.45539625,8.792258744,47.60556872,10.34916469,26.03977929,8.854358237,48.41358201,10.38456556,26.63115591,8.915545339,49.22858889,10.41923681
ETH,ETH,0.35595457,0.292203699,1.421825757,0.60628844,,0,0,0.948261896,0.733556468,0,0,0.948261896,0.733556468,0,0,0.948261896,0.733556468
KAZ,KAZ,0.348779521,0.129996215,0.031859496,0.01357209,,17.32379569,10.7554478,33.10589385,11.65768885,17.32379569,10.7554478,33.10589385,11.65768885,17.32379569,10.7554478,33.10589385,11.65768885
DZA,DZA,0.330147802,0.167914322,0.102155242,0.043450625,,0.417219778,0.349561802,10.92492438,3.508573222,0.463823708,0.37744297,11.19322644,3.550351031,0.513821797,0.405229259,11.46492266,3.59190856
UGA,UGA,0.320458803,0.259550736,0.400173691,0.170128155,,0,0,11.20319468,4.65213854,0,0,11.20319468,4.65213854,0,0,11.20319468,4.65213854
EGY,EGY,0.299090455,0.136847506,0.341775188,0.146213989,,0,0,0,0,0.003411731,0.000449153,0.003411731,0.000449153,0.013646923,0.001796613,0.013646923,0.001796613
AFG,AFG,0.267910528,0.193592647,0.336531094,0.143958871,,0,0,2.39E-05,5.87E-05,0,0,2.39E-05,5.87E-05,0,0,2.39E-05,5.87E-05
NER,NER,0.248110955,0.240174509,0.237676495,0.101072254,,0,0,0,0,0,0,0,0,0,0,0,0
TZA,TZA,0.226516693,0.156612421,0.48618808,0.206970356,,0,0,0.454241524,0.796103638,1.754405517,0.366814833,3.288720875,2.153530154,7.017622068,1.467259333,9.632011261,3.464077939
BGD,BGD,0.225386301,0.105388251,1.366317328,0.584289205,,0,0,0.003513778,0.008606962,0.005734794,0.00125681,0.012228713,0.014977173,0.022939177,0.005027239,0.032413237,0.019673827
SDN,SDN,0.216636656,0.181679158,0.21153153,0.090427419,,7.180723558,3.098119194,77.14676433,9.24321712,35.15375895,6.618913777,145.9990117,13.35196354,85.01780118,9.686060497,236.7422659,20.01125927
UKR,UKR,0.192261979,0.052987927,0.154906127,0.066975377,,1.87526202,3.866063488,1.87526202,3.866063488,1.981432127,3.999931479,1.981432127,3.999931479,2.097653035,4.132647354,2.097653035,4.132647354
MOZ,MOZ,0.188330057,0.143439383,0.27547883,0.117753234,,0,0,109.7062913,18.72469892,27.32302766,5.712034278,246.2210777,40.65455378,109.2921107,22.84813711,437.3819195,74.13258653
KEN,KEN,0.184735173,0.120962114,0.372209076,0.158223886,,0,0,2.115257695,1.353015729,0.311461227,0.050287768,3.850191975,2.095335894,1.245844907,0.201151073,6.208048708,2.799842364
COD,COD,0.184300235,0.134315174,0.970817135,0.413746834,,0.687922592,0.535313818,15.70350596,4.659112923,1.252734544,0.799906638,18.32865989,5.00641616,2.027275936,1.05285784,21.16354326,5.341912493
MAR,MAR,0.179397507,0.099121413,0.103032017,0.044032538,,13.12358562,4.090681788,86.11146643,9.775640887,16.89003453,4.608901605,95.52748043,10.40079522,21.14766248,5.103304146,105.4346735,11.07578992
LBY,LBY,0.17672071,0.083243735,0.008521874,0.003526316,,NA,NA,NA,NA,NA,NA,NA,NA,NA,NA,NA,NA
BFA,BFA,0.174569152,0.144322689,0.15798208,0.067517103,,0,0,0,0,0,0,0,0,0,0,0,0
OMN,OMN,0.16280489,0.081020976,0.003020103,0.001296716,,1.786241909,1.571153785,1.786241909,1.571153785,3.283609412,2.481557034,3.283609412,2.481557034,5.418829288,3.348311881,5.418829288,3.348311881
MWI,MWI,0.15118466,0.125694781,0.25892537,0.110284652,,0,0,1.804122851,1.243077373,0,0,1.804122851,1.243077373,0,0,1.804122851,1.243077373
VNM,VNM,0.149720753,0.053216793,0.544405056,0.233301063,,0,0,0,0,0.017207589,0.003547777,0.017207589,0.003547777,0.068830356,0.014191106,0.068830356,0.014191106
DOM,DOM,0.138941049,0.076281688,0.020644227,0.008731329,,2.247612163,5.128498183,29.04219131,18.93645238,4.744401214,7.364708442,40.00850225,21.38680288,9.18910219,9.400258426,52.92272512,23.63651903
ECU,ECU,0.13799578,0.078458517,0.040474664,0.017213171,,13.64765437,13.39977036,85.23332571,26.44335123,32.81498071,19.20010931,130.1867826,29.5412276,61.76836062,23.962168,184.926293,31.74498019
BLR,BLR,0.13405353,0.038566356,0.018440583,0.007895071,,35.4001345,14.83569002,52.8980459,16.35731593,35.4001345,14.83569002,52.8980459,16.35731593,35.4001345,14.83569002,52.8980459,16.35731593
GTM,GTM,0.131560257,0.093507196,0.049446676,0.021079284,,0,0,0,0,0.210884504,0.029013882,0.210884504,0.029013882,0.843538017,0.116055529,0.843538017,0.116055529
NPL,NPL,0.122467685,0.110007239,0.307176784,0.131498638,,1.097329985,1.563710044,1.097329985,1.563710044,1.097329985,1.563710044,1.097329985,1.563710044,1.097329985,1.563710044,1.097329985,1.563710044
YEM,YEM,0.117194126,0.072937212,0.153409684,0.06530558,,NA,NA,NA,NA,NA,NA,NA,NA,NA,NA,NA,NA
SYR,SYR,0.11350629,0.062027564,0.092675825,0.039244149,,NA,NA,NA,NA,NA,NA,NA,NA,NA,NA,NA,NA
TUN,TUN,0.11345608,0.035466289,0.024605265,0.01047585,,0,0,27.48094034,5.667045197,0.040193489,0.004667889,29.60495894,5.848936651,0.160773956,0.018671556,31.80936453,6.028149561
MLI,MLI,0.11086897,0.087088373,0.131754957,0.056424636,,0,0,0,0,0,0,0,0,0,0,0,0
PAN,PAN,0.09335421,0.039569293,0.00646192,0.00270814,,0,0,0,0,4.955853021,0.727517975,4.955853021,0.727517975,19.82341209,2.910071899,19.82341209,2.910071899
TCD,TCD,0.093291874,0.060935367,0.089505098,0.038153581,,0,0,0,0,0,0,0,0,0,0,0,0
CRI,CRI,0.093034886,0.039954747,0.009044329,0.003806309,,71.55770276,28.82820199,71.55770276,28.82820199,214.3957809,40.21581412,214.3957809,40.21581412,436.0768414,47.996313,436.0768414,47.996313
BGR,BGR,0.092393498,0.026013414,0.014688152,0.006306924,,NA,NA,NA,NA,NA,NA,NA,NA,NA,NA,NA,NA
CUB,CUB,0.091008324,0.03257426,0.02140585,0.009112843,,NA,NA,NA,NA,NA,NA,NA,NA,NA,NA,NA,NA
GHA,GHA,0.090901981,0.059355529,0.205155403,0.08755228,,0,0,0,0,0.563873655,0.116563703,0.563873655,0.116563703,2.255494621,0.466254812,2.255494621,0.466254812
SRB,SRB,0.084259922,0.024408106,0.015975059,0.006857413,,95.60263794,43.51035834,95.60263794,43.51035834,95.60263794,43.51035834,95.60263794,43.51035834,95.60263794,43.51035834,95.60263794,43.51035834
LBN,LBN,0.081485447,0.02968978,0.006712946,0.002808974,,0.007445905,0.013834089,7.970588508,5.724837786,0.017401487,0.021877485,8.278750127,5.88401397,0.034815561,0.029598919,8.594370238,6.042999607
ZMB,ZMB,0.080749555,0.055023806,0.099697071,0.042453763,,0,0,4.882229498,2.69963289,0,0,4.882229498,2.69963289,0,0,4.882229498,2.69963289
CMR,CMR,0.076680682,0.040549421,0.131545517,0.056097409,,0,0,0,0,0.010623057,0.001576647,0.010623057,0.001576647,0.04249223,0.006306588,0.04249223,0.006306588
RWA,RWA,0.075517762,0.057233362,0.134978608,0.057548553,,0,0,28.08980436,7.621925036,0,0,28.08980436,7.621925036,0,0,28.08980436,7.621925036
AZE,AZE,0.075299735,0.03268951,0.024177035,0.010330627,,4.388818102,7.862235395,4.388818102,7.862235395,4.388818102,7.862235395,4.388818102,7.862235395,4.388818102,7.862235395,4.388818102,7.862235395
SEN,SEN,0.074818999,0.059191801,0.092539601,0.039415231,,0,0,8.600596614,3.440756833,1.042973185,0.15035382,15.44303267,4.644266135,4.171892738,0.601415282,24.3714151,5.749684399
BEN,BEN,0.070241119,0.053600495,0.087034543,0.037105172,,0,0,0,0,0.079153845,0.012278202,0.079153845,0.012278202,0.316615381,0.049112807,0.316615381,0.049112807
LKA,LKA,0.069651442,0.03746873,0.085482831,0.036697942,,0.218003533,0.431779311,4.360457718,4.162971995,2.9975225,1.192339414,11.40842816,6.725142314,10.0358188,1.701849532,22.71517593,8.650273796
BWA,BWA,0.068782663,0.020507696,0.003505361,0.001466716,,0,0,0,0,0,0,0,0,0,0,0,0
TKM,TKM,0.065714716,0.020586106,0.015591062,0.006647702,,NA,NA,NA,NA,NA,NA,NA,NA,NA,NA,NA,NA
GNQ,GNQ,0.060556277,0.022873469,0.000813487,0.000342711,,1.745987962,1.077090097,82.93124267,8.841480625,21.00729566,4.394694538,155.6675773,13.52437209,63.07808628,7.090421232,251.2133949,21.21160169
MDG,MDG,0.060492809,0.045981027,0.311975947,0.132927794,,19.44284269,5.507958444,57.53183796,9.368432385,412.8817646,42.79727454,412.8817646,42.79727454,412.8817646,42.79727454,412.8817646,42.79727454
CIV,CIV,0.053777427,0.033190221,0.122450454,0.052029453,,0,0,1.245519566,1.758706232,1.147978244,0.249654048,3.983391332,3.440650816,4.591912975,0.99861619,9.017219586,4.98849525
UZB,UZB,0.051092288,0.022471525,0.207898362,0.088798844,,0,0,0,0,0,0,0,0,0,0,0,0
BOL,BOL,0.050760313,0.030262013,0.054019671,0.023095842,,0,0,0,0,0,0,0,0,0,0,0,0
JOR,JOR,0.050456388,0.016692092,0.019331729,0.008161658,,0,0,8.27843956,6.24475686,0,0,8.27843956,6.24475686,0,0,8.27843956,6.24475686
COG,COG,0.047956704,0.023421992,0.016195616,0.006895679,,NA,NA,NA,NA,NA,NA,NA,NA,NA,NA,NA,NA
HND,HND,0.047828767,0.030438977,0.034921093,0.014886596,,0.983881284,2.410007113,10.62519809,12.0605833,4.306096254,4.841320514,20.98757766,16.33921671,12.1088147,6.865568537,35.83046071,20.22217302
GAB,GAB,0.044802893,0.018627956,0.002707017,0.001134141,,62.59360785,7.96461583,62.59360785,7.96461583,98.64438806,10.01744902,98.64438806,10.01744902,142.9119584,12.80650092,142.9119584,12.80650092
SLV,SLV,0.042749907,0.027026346,0.017210467,0.007361022,,0,0,0,0,1.007093164,0.169263301,1.007093164,0.169263301,4.028372656,0.677053203,4.028372656,0.677053203
MMR,MMR,0.042731442,0.031023175,0,0,,33.88939206,9.971843872,78.71550556,11.73878858,43.35367628,10.61416369,92.98815474,11.9132876,54.02625102,11.11337563,108.4690945,12.0313041
URY,URY,0.041727373,0.020467074,0.005082279,0.002142359,,34.27020711,20.65999996,73.71652735,26.81353837,62.42323232,25.45749185,113.949357,30.24994794,99.6568946,29.22378178,163.2628238,32.74349605
NAM,NAM,0.037381761,0.013014622,0.005060408,0.002143182,,65.91235821,7.425733258,98.23479096,8.626677517,259.8793602,16.7761016,321.0334115,20.93035603,367.1166595,24.31260234,367.1166595,24.31260234
BHS,BHS,0.035220075,0.013394158,0.000317254,0.000143466,,NA,NA,NA,NA,NA,NA,NA,NA,NA,NA,NA,NA
PNG,PNG,0.032230024,0.017085895,0.042623319,0.01819535,,0.150910156,0.335208832,132.1156691,17.15261886,224.2759058,23.10117235,289.7319883,21.22638239,289.7319883,21.22638239,289.7319883,21.22638239
TGO,TGO,0.030811332,0.022572021,0.072674257,0.030977071,,0.219747943,0.227694112,141.1996936,17.41225095,0.678107534,0.470336333,150.9627194,18.48630941,1.464040355,0.704132476,161.0533184,19.61603304
TTO,TTO,0.030717172,0.011690294,0.001313967,0.000570025,,0,0,0,0,0.018412892,0.003018248,0.018412892,0.003018248,0.073651566,0.01207299,0.073651566,0.01207299
BRN,BRN,0.03071388,0.010857298,0.000342523,0.000157405,,0,0,0,0,0.041511736,0.005271709,0.041511736,0.005271709,0.166046946,0.021086835,0.166046946,0.021086835
PRY,PRY,0.030342771,0.014372763,0.026782695,0.011430068,,21.84133825,18.87214295,81.58111843,32.19963178,21.84133825,18.87214295,81.58111843,32.19963178,21.84133825,18.87214295,81.58111843,32.19963178
BIH,BIH,0.030176731,0.006652558,0.009227234,0.003969782,,86.6345178,41.6537765,106.9592121,44.42867475,86.6345178,41.6537765,106.9592121,44.42867475,86.6345178,41.6537765,106.9592121,44.42867475
ALB,ALB,0.030069526,0.011613424,0.007807309,0.003339439,,0.070825935,0.163908182,0.070825935,0.163908182,0.220612555,0.273813184,0.220612555,0.273813184,0.541409596,0.360328511,0.541409596,0.360328511
CAF,CAF,0.027333645,0.022688437,0.0452673,0.019367452,,60.57940706,8.189037533,90.9611325,9.912692778,60.57940706,8.189037533,90.9611325,9.912692778,60.57940706,8.189037533,90.9611325,9.912692778
MKD,MKD,0.025965467,0.005472753,0.00508657,0.002182239,,149.7798184,50.19492813,149.7798184,50.19492813,149.7798184,50.19492813,149.7798184,50.19492813,149.7798184,50.19492813,149.7798184,50.19492813
KHM,KHM,0.024700644,0.013119406,0.118511372,0.05075741,,0,0,6.015193342,4.899896679,0.02300007,0.004969087,6.685066416,5.173561258,0.092000281,0.019876347,7.400939631,5.440868916
SLE,SLE,0.02416228,0.017525073,0.066220714,0.028363747,,0,0,0,0,62.11649009,9.954249133,62.11649009,9.954249133,248.4659604,39.81699653,248.4659604,39.81699653
BDI,BDI,0.022937526,0.017302309,0.199336833,0.085204569,,7.360019956,3.064174922,19.15438499,4.938742851,7.360019956,3.064174922,19.15438499,4.938742851,7.360019956,3.064174922,19.15438499,4.938742851
GIN,GIN,0.020813597,0.013544692,0.14659395,0.062676118,,0,0,0,0,2.686843026,0.781812776,2.686843026,0.781812776,10.7473721,3.127251104,10.7473721,3.127251104
NCL,NCL,0.020783951,0.007753642,0,0,,NA,NA,NA,NA,NA,NA,NA,NA,NA,NA,NA,NA
ERI,ERI,0.019350278,0.016475332,0.110900236,0.047265825,,0,0,14.74027729,4.053057801,29.32507449,3.942752163,84.99834938,8.800219362,117.300298,15.77100865,213.9065705,18.03165745
ZWE,ZWE,0.019168245,0.01049697,0.147437659,0.062944558,,0,0,0,0,0,0,0,0,0,0,0,0
HTI,HTI,0.017556077,0.01033965,0.101746305,0.043593962,,NA,NA,NA,NA,NA,NA,NA,NA,NA,NA,NA,NA
MUS,MUS,0.017440403,0.006961206,0.002147369,0.000905263,,1.282066127,0.824868467,62.227579,6.78691972,313.709199,21.95312035,351.0603823,22.29672544,351.0603823,22.29672544,351.0603823,22.29672544
JAM,JAM,0.017420032,0.011015429,0.005530567,0.002355067,,36.16348303,15.63123459,43.29751014,16.36277591,70.91936919,17.90884161,80.95450289,18.13749086,117.9110007,18.06610422,130.847241,17.79532436
LBR,LBR,0.017322499,0.013420645,0.062571644,0.026707786,,0,0,13.82388637,4.057297069,155.758429,20.94169899,260.750051,22.03297328,362.0775154,31.41275711,362.0775154,31.41275711
GEO,GEO,0.014796934,0.006472613,0.015918487,0.006873436,,17.82558741,12.00143091,47.51418865,14.04484883,18.87145459,12.15787015,49.28801596,14.07858175,19.95147234,12.30809059,51.09599383,14.10733976
LAO,LAO,0.013718452,0.007988123,0.052052627,0.022260703,,37.27793543,9.628926531,37.27793543,9.628926531,37.27793543,9.628926531,37.27793543,9.628926531,37.27793543,9.628926531,37.27793543,9.628926531
MNG,MNG,0.013614458,0.005647082,0.013589932,0.005814396,,86.55421412,17.42406864,99.04629564,19.27313973,86.55421412,17.42406864,99.04629564,19.27313973,86.55421412,17.42406864,99.04629564,19.27313973
ARM,ARM,0.011783271,0.005393582,0.010326274,0.004444173,,0.113758854,0.278651145,0.113758854,0.278651145,0.113758854,0.278651145,0.113758854,0.278651145,0.113758854,0.278651145,0.113758854,0.278651145
MRT,MRT,0.011667961,0.005658015,0.02624309,0.011178436,,7.499302221,2.966446771,249.9755638,21.09795221,26.99289232,5.42406561,335.1882868,28.86766267,58.98250985,7.523553254,358.9561575,31.14195748
TJK,TJK,0.011642422,0.006858264,0.083676565,0.035702881,,0,0,0.908611796,2.225635275,0,0,0.908611796,2.225635275,0,0,0.908611796,2.225635275
NIC,NIC,0.011597131,0.006802456,0.030287399,0.012936584,,0,0,0,0,11.16802973,1.56631946,11.16802973,1.56631946,44.67211893,6.26527784,44.67211893,6.26527784
MNE,MNE,0.009609971,0.002837656,0.001222356,0.00052253,,100.6149699,45.79762644,100.6149699,45.79762644,106.0349258,46.53856175,106.0349258,46.53856175,111.6124132,47.24532781,111.6124132,47.24532781
LSO,LSO,0.008328002,0.004006774,0.012795489,0.005487223,,2.174901328,1.289462877,37.54548114,6.054139721,2.174901328,1.289462877,37.54548114,6.054139721,2.174901328,1.289462877,37.54548114,6.054139721
BTN,BTN,0.007727678,0.003006573,0.002873493,0.001227147,,0.361479868,0.65088784,0.361479868,0.65088784,0.361479868,0.65088784,0.361479868,0.65088784,0.361479868,0.65088784,0.361479868,0.65088784
KGZ,KGZ,0.007509882,0.00302622,0.047081853,0.020177227,,0.358285401,0.877616414,4.811900012,7.727378989,0.358285401,0.877616414,4.811900012,7.727378989,0.358285401,0.877616414,4.811900012,7.727378989
SWZ,SWZ,0.007317932,0.003235069,0.003908154,0.001665616,,0,0,0,0,0,0,0,0,0,0,0,0
GNB,GNB,0.005037746,0.003224552,0.016997372,0.007278917,,0,0,0,0,348.9932811,41.25081953,348.9932811,41.25081953,388.6090575,33.71455397,388.6090575,33.71455397
GMB,GMB,0.004956641,0.003127113,0.017433214,0.007420435,,0,0,14.19859739,4.20145053,4.556034692,0.612558227,34.55233528,6.189217785,18.22413877,2.450232908,64.01814256,8.027547786
SUR,SUR,0.004875497,0.002195475,0.00112655,0.000480735,,0,0,0,0,12.03759175,1.642877355,12.03759175,1.642877355,48.150367,6.571509421,48.150367,6.571509421
BLZ,BLZ,0.004653265,0.002854438,0.000707809,0.00029994,,0,0,0,0,15.52388033,2.118682207,15.52388033,2.118682207,62.09552132,8.474728829,62.09552132,8.474728829
COM,COM,0.004079639,0.003437828,0.0058013,0.002476254,,0,0,10.42456753,3.698882334,396.4124522,34.39155305,396.4124522,34.39155305,396.4124522,34.39155305,396.4124522,34.39155305
DJI,DJI,0.003496891,0.001209138,0.00525313,0.002215737,,0,0,5.300034671,2.5646516,1.399482096,0.188160172,11.85717343,4.016794173,5.597928382,0.752640688,21.21327638,5.280785556
SLB,SLB,0.003358461,0.001918432,0.003264837,0.001389734,,4.144000005,4.201062613,146.3228892,17.7719486,293.6123274,21.5106643,293.6123274,21.5106643,293.6123274,21.5106643,293.6123274,21.5106643
MDA,MDA,0.003305917,0.001422399,0.01984475,0.008561813,,0,0,220.219607,26.1220766,0,0,220.219607,26.1220766,0,0,220.219607,26.1220766
FJI,FJI,0.00272498,0.001388957,0.0021072,0.000899757,,36.09904856,10.99850161,69.2609208,13.69445712,271.623739,19.89973349,271.623739,19.89973349,271.623739,19.89973349,271.623739,19.89973349
SOM,SOM,0.002498981,0.002244383,0,0,,0,0,0,0,415.1405996,36.01635083,415.1405996,36.01635083,415.1405996,36.01635083,415.1405996,36.01635083
VUT,VUT,0.002481583,0.001389838,0.000856489,0.000364913,,51.86697207,13.18701979,90.80636775,15.718737,294.9057738,21.60542493,294.9057738,21.60542493,294.9057738,21.60542493,294.9057738,21.60542493
GUY,GUY,0.002195735,0.001377632,0.003893907,0.001679794,,0,0,510.0502418,39.5647397,9.16943154,1.251433987,510.0502418,39.5647397,36.67772616,5.005735948,510.0502418,39.5647397
CPV,CPV,0.002075774,0.001355386,0.001455943,0.000623015,,40.66655384,6.552738792,53.54569826,7.35179612,371.4415891,32.225156,371.4415891,32.225156,371.4415891,32.225156,371.4415891,32.225156
VCT,VCT,0.000996471,0.000581585,0.000191897,8.16E-05,,NA,NA,NA,NA,NA,NA,NA,NA,NA,NA,NA,NA
WSM,WSM,0.000776022,0.00054017,0.000594183,0.000255389,,1.282638732,1.878516289,118.6999025,16.46831252,284.5582028,20.84733985,284.5582028,20.84733985,284.5582028,20.84733985,284.5582028,20.84733985
STP,STP,0.000631981,0.000373425,0.001093319,0.000467967,,0,0,0,0,382.3663417,33.17295471,382.3663417,33.17295471,382.3663417,33.17295471,382.3663417,33.17295471
TON,TON,0,0,0.000306559,0.000131679,,75.15032144,14.45364361,75.15032144,14.45364361,283.2647564,20.75257921,283.2647564,20.75257921,283.2647564,20.75257921,283.2647564,20.75257921
ATG,ATG,0,0,9.67E-05,4.10E-05,,NA,NA,NA,NA,NA,NA,NA,NA,NA,NA,NA,NA
PLW,PLW,0,0,2.74E-05,1.14E-05,,253.5154897,18.57308459,253.5154897,18.57308459,253.5154897,18.57308459,253.5154897,18.57308459,253.5154897,18.57308459,253.5154897,18.57308459
SGP,SGP,0,0,0.003619561,0.001757446,,71.62886441,13.16896327,71.62886441,13.16896327,71.65037701,13.16982911,71.65037701,13.16982911,71.67189289,13.17069467,71.67189289,13.17069467
BHR,BHR,0,0,0.001326295,0.000574123,,0,0,0,0,0.000231347,2.71E-05,0.000231347,2.71E-05,0.000925389,0.000108537,0.000925389,0.000108537
AND,AND,0,0,5.78E-05,2.80E-05,,125.4335265,51.71812306,125.4335265,51.71812306,125.4335265,51.71812306,125.4335265,51.71812306,125.4335265,51.71812306,125.4335265,51.71812306
ABW,ABW,0,0,8.65E-05,3.92E-05,,NA,NA,NA,NA,NA,NA,NA,NA,NA,NA,NA,NA
BRB,BRB,0,0,0.000269753,0.000117533,,NA,NA,NA,NA,NA,NA,NA,NA,NA,NA,NA,NA
BMU,BMU,0,0,3.22E-05,1.76E-05,,NA,NA,NA,NA,NA,NA,NA,NA,NA,NA,NA,NA
DMA,DMA,0,0,0.000110731,4.69E-05,,NA,NA,NA,NA,NA,NA,NA,NA,NA,NA,NA,NA
FRO,FRO,0,0,3.20E-05,1.58E-05,,NA,NA,NA,NA,NA,NA,NA,NA,NA,NA,NA,NA
GRL,GRL,0,0,3.97E-05,1.92E-05,,NA,NA,NA,NA,NA,NA,NA,NA,NA,NA,NA,NA
GRD,GRD,0,0,0.000162713,6.89E-05,,NA,NA,NA,NA,NA,NA,NA,NA,NA,NA,NA,NA
IMN,IMN,0,0,5.22E-05,2.63E-05,,NA,NA,NA,NA,NA,NA,NA,NA,NA,NA,NA,NA
KIR,KIR,0,0,0.000521696,0.000223655,,24.39505871,9.625243502,133.6898294,16.74102158,279.3844173,20.4682973,279.3844173,20.4682973,279.3844173,20.4682973,279.3844173,20.4682973
XXK,XXK,0,0,0.005139715,0.002204443,,NA,NA,NA,NA,NA,NA,NA,NA,NA,NA,NA,NA
LIE,LIE,0,0,1.58E-05,9.07E-06,,NA,NA,NA,NA,NA,NA,NA,NA,NA,NA,NA,NA
MDV,MDV,0,0,0.000694062,0.00029314,,0,0,337.7206458,21.4323515,337.7206458,21.4323515,337.7206458,21.4323515,337.7206458,21.4323515,337.7206458,21.4323515
MHL,MHL,0,0,0.000156977,6.68E-05,,0,0,0,0,263.8630607,19.33116968,263.8630607,19.33116968,263.8630607,19.33116968,263.8630607,19.33116968
FSM,FSM,0,0,0.000333057,0.000142599,,87.60781544,15.06787766,101.6205385,15.70080914,87.60781544,15.06787766,101.6205385,15.70080914,87.60781544,15.06787766,101.6205385,15.70080914
MCO,MCO,0,0,1.40E-05,8.40E-06,,NA,NA,NA,NA,NA,NA,NA,NA,NA,NA,NA,NA
ANT,ANT,0,0,0.010355463,0.005205274,,NA,NA,NA,NA,NA,NA,NA,NA,NA,NA,NA,NA
PSE,PSE,0,0,0.019906911,0.008477286,,0,0,10.27525899,7.144696741,0.000870301,9.75E-05,10.44561277,7.226933926,0.003481202,0.000389953,10.61770714,7.309123285
PRI,PRI,0,0,0.003075951,0.001403656,,NA,NA,NA,NA,NA,NA,NA,NA,NA,NA,NA,NA
KNA,KNA,0,0,5.85E-05,2.48E-05,,NA,NA,NA,NA,NA,NA,NA,NA,NA,NA,NA,NA
LCA,LCA,0,0,0.000299009,0.000125977,,NA,NA,NA,NA,NA,NA,NA,NA,NA,NA,NA,NA
SMR,SMR,0,0,1.83E-05,9.38E-06,,NA,NA,NA,NA,NA,NA,NA,NA,NA,NA,NA,NA
SYC,SYC,0,0,9.76E-05,4.16E-05,,0,0,0,0,357.3954786,31.00655767,357.3954786,31.00655767,357.3954786,31.00655767,357.3954786,31.00655767
TLS,TLS,0,0,0.008931398,0.003831695,,351.9238505,22.33371207,351.9238505,22.33371207,351.9238505,22.33371207,351.9238505,22.33371207,351.9238505,22.33371207,351.9238505,22.33371207
TUV,TUV,0,0,3.01E-05,1.29E-05,,195.1869819,19.01906024,212.9605642,19.45084559,195.1869819,19.01906024,212.9605642,19.45084559,195.1869819,19.01906024,212.9605642,19.45084559
